Wavelength (nm),Exp.
650.0,0.05169176559581332
649.8,0.05267996356731556
649.6,0.052996433919446716
649.4,0.052808674375164025
649.2,0.05196095836485172
649.0,0.05043379594609197
648.8,0.048946385291075534
648.6,0.04865596585207712
648.4,0.04895680565632863
648.2,0.04911735646911713
648.0,0.04932209734936783
647.8,0.049476859070349044
647.6,0.049536486715963994
647.4,0.0496032542414746
647.2,0.04946489494728067
647.0,0.049423213486268276
646.8,0.04862335396822946
646.6,0.04669655124504068
646.4,0.04627471942201707
646.2,0.046254843540145425
646.0,0.04662708214335335
645.8,0.04765387406023743
645.6,0.04701745990089075
645.4,0.04807146054926903
645.2,0.04853748243975485
645.0,0.048462996125167884
644.8,0.047440642512002716
644.6,0.046928886796239404
644.4,0.04601054386587832
644.2,0.045643322475570035
644.0,0.04488147799373234
643.8,0.045030064683452456
643.6,0.04462695092393905
643.4,0.044761257853867885
643.2,0.04620814486623338
643.0,0.046055891751701994
642.8,0.04609101224199947
642.6,0.04580696080398907
642.4,0.04520778980193587
642.2,0.04702614353860166
642.0,0.04713999567747812
641.8,0.04664850178304028
641.6,0.04630540160859564
641.4,0.047065895302344965
641.2,0.04696593698380598
641.0,0.047331807586025905
640.8,0.046615696929465704
640.6,0.04699391759420782
640.4,0.0467513546474829
640.2,0.0468806443645121
640.0,0.04689299442703429
639.8,0.047079596152955525
639.6,0.04667397378699229
639.4,0.04636001204131096
639.2,0.04613597418836933
639.0,0.04614311406826497
638.8,0.04638548404526298
638.6,0.04638644889389752
638.4,0.04663248529570681
638.2,0.046460549269030677
638.0,0.04639108016734334
637.8,0.04660489062475879
637.6,0.04642620065764083
637.4,0.04615970946477917
637.2,0.04559951834756163
637.0,0.0454420550504037
636.8,0.04554896027911141
636.6,0.04521801719746206
636.4,0.04521550859101224
636.2,0.04582818747394909
636.0,0.04638760671225898
635.8,0.047102173611003904
635.6,0.047333930253021905
635.4,0.04753153125337697
635.2,0.04791071676675363
635.0,0.048507765101810825
634.8,0.04943768621578647
634.6,0.05006503079796841
634.4,0.05038767618136067
634.2,0.05044749679670253
634.0,0.0509918643963135
633.8,0.05147872701730552
633.6,0.05110494465628232
633.4,0.049296432375688905
633.2,0.049781558269138736
633.0,0.04969780940766013
632.8,0.04909574385970329
632.6,0.048258062275190264
632.4,0.04799793908331661
632.2,0.04805698781975084
632.0,0.047799952143507726
631.8,0.047323123948314984
631.6,0.04685922472482517
631.4,0.046345732281519676
631.2,0.04594300446146009
631.0,0.045816609290334535
630.8,0.0441727001867947
630.6,0.043757429334486
630.4,0.04387726353489664
630.2,0.04469931457153002
630.0,0.04661550395973879
629.8,0.04600070240980595
629.6,0.04592988252003025
629.4,0.04587353535977275
629.2,0.04634901276687713
629.0,0.046148517220618426
628.8,0.04581062722880034
628.6,0.04572784321595628
628.4,0.04562923568550566
628.2,0.04535618352192908
628.0,0.044902511693965454
627.8,0.044399439615913056
627.6,0.04392936536116214
627.4,0.04531237939392068
627.2,0.046000123500625226
627.0,0.04600610556215941
626.8,0.04568963521002825
626.6,0.04540133843802584
626.4,0.046072873087670004
626.2,0.0461896197724501
626.0,0.046454953146950306
625.8,0.046556455223304566
625.6,0.046590996804421324
625.4,0.04676563440727419
625.2,0.04665216820785155
625.0,0.046956674436914335
624.8,0.04759328156598793
624.6,0.04841050835944857
624.4,0.04930376522531145
624.2,0.04999729842382327
624.0,0.050540701174799696
623.8,0.05098935578986368
623.6,0.051580036123932874
623.4,0.05221355573737592
623.2,0.05273534587893851
623.0,0.05301341525541473
622.8,0.05305799126233076
622.6,0.053152160489062475
622.4,0.05254855118329036
622.2,0.05157984315420597
622.0,0.051871999320746556
621.8,0.05206979329082854
621.6,0.0521108958426602
621.4,0.05168346789755623
621.2,0.05107040307516557
621.0,0.05038381678682248
620.8,0.050422024792750514
620.6,0.05030740077496642
620.4,0.04992204023032867
620.2,0.04942128378899918
620.0,0.04883562066782963
619.8,0.048829059697114714
619.6,0.048780431325933585
619.4,0.048858198125878015
619.2,0.04904653657934143
619.0,0.04989521743828828
618.8,0.05098588233477932
618.6,0.0507056902913071
618.4,0.050422024792750514
618.2,0.050918342930361085
618.0,0.04976747147907436
617.8,0.04948129737406796
617.6,0.04967465304043102
617.4,0.04941723142473409
617.2,0.04953590780678327
617.0,0.04985450082591043
616.8,0.05032959229356099
616.6,0.0507620374515646
616.4,0.05027266622412276
616.2,0.04961734103153897
616.0,0.049008714512867216
615.8,0.04899308396498757
615.6,0.049108093922225475
615.4,0.049114654892940396
615.2,0.04922445466755176
615.0,0.04964223412631026
614.8,0.049296432375688905
614.6,0.05048956419716875
614.4,0.05111961035552742
614.2,0.05131450977970576
614.0,0.05110571653518996
613.8,0.05097565493925313
613.6,0.05073675841733948
613.4,0.05052429874801241
613.2,0.050479529771369464
613.0,0.05061731015638266
612.8,0.051365839727063614
612.6,0.051848071074609814
612.4,0.051690221837998054
612.2,0.05144032604165058
612.0,0.051321263720147586
611.8,0.05153816169319357
611.6,0.05150362011207681
611.4,0.05181623106966979
611.2,0.0522673942911836
611.0,0.05266761350479337
610.8,0.05283511122775059
610.6,0.05298466276610525
610.4,0.05290149281380736
610.2,0.05304525526035476
610.0,0.05333702548744153
609.8,0.052961892338329965
609.6,0.05289551075227318
609.4,0.05318226376646031
609.2,0.05346187690075181
609.0,0.05392230266915726
608.8,0.054553506645877395
608.6,0.05539003041202896
608.4,0.05591317134167992
608.2,0.05636510644210136
608.0,0.05636298377510536
607.8,0.05574914707380706
607.6,0.055032264538339225
607.4,0.054906062336940585
607.2,0.054959707921021346
607.0,0.054719846550473156
606.8,0.05392037297188817
606.6,0.053315605847754605
606.4,0.05348406841934637
606.2,0.05391207527363107
606.0,0.05248680087067941
605.8,0.051437624465473855
605.6,0.05068330580298563
605.4,0.050090502801920435
605.2,0.049542082838044364
605.0,0.04867777143121787
604.8,0.04790048937122744
604.6,0.04735843740833937
604.4,0.04726812757614585
604.2,0.04754542507371443
604.0,0.047536162526822794
603.8,0.04749930530898312
603.6,0.047749008135603684
603.4,0.04826751779180882
603.2,0.04847264461151335
603.0,0.04833563610540778
602.8,0.047999096901678064
602.6,0.04880339472343578
602.4,0.04979197863439183
602.2,0.050101116136900437
602.0,0.04966654831190083
601.8,0.04923429612362412
601.6,0.049246453216419406
601.4,0.04972173765379687
601.2,0.05014453432545502
601.0,0.05044112879571453
600.8,0.05028791083254859
600.6,0.05006869722277969
600.4,0.049788698149034374
600.2,0.05005383855380768
600.0,0.05135754202880652
599.8,0.05099784645784769
599.6,0.05088225759142905
599.4,0.05110726029300523
599.2,0.051743481482625
599.0,0.05141601185606002
598.8,0.05153275854084011
598.6,0.0523007780539389
598.4,0.05170874693178134
598.2,0.05177319882056903
598.0,0.0514949364743659
597.8,0.05140327585408401
597.6,0.051509602173611
597.4,0.05211417632801766
597.2,0.05246962656498448
597.0,0.05284495268382296
596.8,0.052589846704848946
596.6,0.050052101826265495
596.4,0.0490332216681847
596.2,0.04914456520061133
596.0,0.04868066597712151
595.8,0.047957801380119486
595.6,0.047921523071460546
595.4,0.04771948376738657
595.2,0.04732775522176081
595.0,0.04800990320638498
594.8,0.04827523658088519
594.6,0.048236835605230254
594.4,0.04683298084196551
594.2,0.04618170801364682
594.0,0.04581931086651126
593.8,0.04547852632878954
593.6,0.045365060129366905
593.4,0.04532858885098106
593.2,0.04577241922287232
593.0,0.04710757676335736
592.8,0.04689801163993393
592.6,0.047129961251678835
592.4,0.04714848634546212
592.2,0.047243427451101466
592.0,0.047241690723559285
591.8,0.047091946215477715
591.6,0.046840313691588066
591.4,0.046457461753400126
591.2,0.04616009540423298
591.0,0.047990220294240236
590.8,0.048474574308782443
590.6,0.04841629745125585
590.4,0.04842864751377804
590.2,0.048136105407783625
590.0,0.04798057180789477
589.8,0.048590163175201075
589.6,0.04882153387776526
589.4,0.048974558871204284
589.2,0.049173124720193896
589.0,0.049302028497769275
588.8,0.04947280670608395
588.6,0.04965419824937864
588.4,0.04981552094107476
588.2,0.05019470645445142
588.0,0.050826489340352284
587.8,0.051785355913364306
587.6,0.05056675208793244
587.4,0.050460039828951635
587.2,0.05076821248282569
587.0,0.051361208453617795
586.8,0.05183031785973416
586.6,0.0523781589144295
586.4,0.052598337372832954
586.2,0.05253118390786853
586.0,0.051964624789662996
585.8,0.05160454327925035
585.6,0.05190383932568658
585.4,0.05197330842737391
585.2,0.05195285363632153
585.0,0.05188512126217639
584.8,0.0516473825586242
584.6,0.051397100822822915
584.4,0.05127881038022755
584.2,0.05194687157478735
584.0,0.051894190839341124
583.8,0.05149686617163499
583.6,0.05079271963814317
583.4,0.050660149435756516
583.2,0.05017907590657178
583.0,0.0498454312487457
582.8,0.04980992481899439
582.6,0.050095134075366254
582.4,0.050366256541673746
582.2,0.050160936752242306
582.0,0.05017039226886086
581.8,0.05006966207141423
581.6,0.05016556802568813
581.4,0.05018119857356777
581.2,0.04981860845670531
581.0,0.05011925529122991
580.8,0.05115029254210599
580.6,0.050353906479151556
580.4,0.05065474628340306
580.2,0.05103547555459499
580.0,0.05094941105639347
579.8,0.05108275313768776
579.6,0.05341228368093614
579.4,0.053471332417370364
579.2,0.053932337094956546
579.0,0.05413649906602652
578.8,0.054133218580669065
578.6,0.05435339703907251
578.4,0.05484701360050635
578.2,0.05515827377001096
578.0,0.05546972690924248
577.8,0.05604091730089383
577.6,0.05595273013569631
577.4,0.05472293406610371
577.2,0.05604805718078948
577.0,0.05643959275668833
576.8,0.05662928199824011
576.6,0.05701792302823533
576.4,0.05732995507664758
576.2,0.055686431912561556
576.0,0.055952344196242496
575.8,0.05614898034796301
575.6,0.056365878321009005
575.4,0.056752010744554396
575.2,0.05733844574463158
575.0,0.0574704370378375
574.8,0.05668968152276271
574.6,0.05672345122497183
574.4,0.056932051499760716
574.2,0.05671206601108418
574.0,0.055292194760485976
573.8,0.055909311947141736
573.6,0.0565578831992837
573.4,0.05712463528721614
573.2,0.05767691464563039
573.0,0.058208353273538446
572.8,0.05864523673526097
572.6,0.05899200333451688
572.4,0.05942676412924341
572.2,0.059905329051978325
572.0,0.059847438133905556
571.8,0.0595060746870031
571.6,0.05938624048659246
571.4,0.0607900952498572
571.2,0.061264414838600116
571.0,0.0613726708553962
570.8,0.06115365021535421
570.6,0.06246893187396762
570.4,0.06197917470707195
570.2,0.06166540593111752
570.0,0.06122910137857573
569.8,0.06093134908995477
569.6,0.0604913781126017
569.4,0.059746514966732014
569.2,0.05886136282939932
569.0,0.059027895703722
568.8,0.0589881439399787
568.6,0.0590508591012242
568.4,0.05897058369482995
568.2,0.05890883338221899
568.0,0.05845207403862482
567.8,0.05815123423437331
567.6,0.05847812495175757
567.4,0.058577890300569646
567.2,0.05865295552433734
567.0,0.05871547771585594
566.8,0.05839707766645568
566.6,0.058211440789169
566.4,0.05805185482501505
566.2,0.05840228784908223
566.0,0.05887216913410624
565.8,0.05955952730135696
565.6,0.059274703984438924
565.4,0.059176868332895934
565.2,0.05939376630594192
565.0,0.059933116692653256
564.8,0.058820260277567656
564.6,0.058836855674081846
564.4,0.05906147243620421
564.2,0.0591843941522454
564.0,0.05965118792163886
563.8,0.058361957176158205
563.6,0.05808697531531253
563.4,0.0582367198233941
563.2,0.05826026213007703
563.0,0.05791040801519058
562.8,0.057191788752180554
562.6,0.05673039813514056
562.4,0.056555567562560784
562.2,0.05650886888864875
562.0,0.0559482918319774
561.8,0.05546934096978866
561.6,0.05455736604041558
561.4,0.05518374577396298
561.2,0.05516232613427605
561.0,0.05494697191904534
560.8,0.05447033669357951
560.6,0.05361490189419084
560.4,0.054691865940071326
560.2,0.05468955030334841
560.0,0.05465134229742038
559.8,0.054844504994056534
559.6,0.055085138243512355
559.4,0.05543962363184463
559.2,0.055711517977059755
559.0,0.0558711039412137
558.8,0.05546335890825447
558.6,0.0553846272596755
558.4,0.05585585933278787
558.2,0.055868788304490796
558.0,0.05609880821896661
557.8,0.05645097797057597
557.6,0.05630663661484786
557.4,0.05652121895117094
557.2,0.056451556879756705
557.0,0.057081024128934656
556.8,0.05752717013754882
556.6,0.05667231424734087
556.4,0.056212467388116145
556.2,0.0565600058662797
556.0,0.05619201259706377
555.8,0.05652044707226331
555.6,0.05581842320576748
555.4,0.055755129135341246
555.2,0.05589097982308535
555.0,0.055628926933942606
554.8,0.05592166200966392
554.6,0.056286760732976206
554.4,0.0560484431202433
554.2,0.05625067539404418
554.0,0.05581302005341402
553.8,0.056379772141346464
553.6,0.05597511462401778
553.4,0.055775583926393625
553.2,0.05672731061951001
553.0,0.05703451842474953
552.8,0.05661596708708337
552.6,0.05690310604072433
552.4,0.05654398937894623
552.2,0.05755746638467357
552.0,0.058425444216311344
551.8,0.05897058369482995
551.6,0.059172237059450114
551.4,0.05923495222069562
551.2,0.05938238109205427
551.0,0.059594647791654444
550.8,0.06029049662688917
550.6,0.060666208685181466
550.4,0.060696890871760036
550.2,0.0608526174413758
550.0,0.06079993670592958
549.8,0.060680681414699664
549.6,0.060874037081062725
549.4,0.0599674653040431
549.2,0.06010871914414067
549.0,0.06035610633403832
548.8,0.060409751918119085
548.6,0.06044699507541257
548.4,0.059892593050002316
548.2,0.05878263118082035
548.0,0.05947558547015144
547.8,0.059506846565910744
547.6,0.059784915942386954
547.4,0.059317350294085865
547.2,0.05955643978572642
547.0,0.05840846288034333
546.8,0.057740208716056625
546.6,0.05795247541565679
546.4,0.057969263781897894
546.2,0.05801441869799466
546.0,0.05946323540762925
545.8,0.06012319187365885
545.6,0.05904314031214783
545.4,0.05852926192938852
545.2,0.05799975299874956
545.0,0.05806169628108742
544.8,0.05916683390709665
544.6,0.05819310866511261
544.4,0.05784788582367198
544.2,0.05762191827346126
544.0,0.05732088549948284
543.8,0.056796200812016605
543.6,0.05699631041882149
543.4,0.05716805347577072
543.2,0.056659385275637957
543.0,0.05691371937570434
542.8,0.056881686401037405
542.6,0.056685436188770706
542.4,0.055942116800716306
542.2,0.05656540901863316
542.0,0.05719931457153002
541.8,0.05747584019019096
541.6,0.057143546320453244
541.4,0.05694961174490946
541.2,0.057204717723883476
541.0,0.05730872840668756
540.8,0.05744921036787749
540.6,0.057696597557775134
540.4,0.058054749370918694
540.2,0.05708488352347284
540.0,0.05675181777482748
539.8,0.05703220278802661
539.6,0.057019080846596785
539.4,0.05693880544020254
539.2,0.056628124179878656
539.0,0.056551708168022595
538.8,0.056684471340136156
538.6,0.05641045432792503
538.4,0.05634002037760316
538.2,0.05675394044182349
538.0,0.05689384349383269
537.8,0.056776131960418044
537.6,0.05666170091236087
537.4,0.05639656050758757
537.2,0.05606137209194621
537.0,0.05576728622813653
536.8,0.05699766120690986
536.6,0.057668423977646384
536.4,0.057491084798616796
536.2,0.057445350973339304
536.0,0.05733844574463158
535.8,0.05755997499112339
535.6,0.05723983821418096
535.4,0.05677014989888386
535.2,0.056732713771863466
535.0,0.056657262608641956
534.8,0.05673580128749402
534.6,0.05660361702456118
534.4,0.0559170307362181
534.2,0.05554189758710654
534.0,0.05590178612779227
533.8,0.05597125522947959
533.6,0.055951379347607945
533.4,0.055801634839526375
533.2,0.05568160766938883
533.0,0.055715377371597936
532.8,0.05565343408926008
532.6,0.05557007116723529
532.4,0.05522407644688701
532.2,0.05489892245704494
532.0,0.055135503342235666
531.8,0.054987495561696284
531.6,0.054737020856168085
531.4,0.05429762878799574
531.2,0.05394565200611328
531.0,0.05436420334377943
530.8,0.05477214134646557
530.6,0.05467507757383022
530.4,0.05501489726291739
530.2,0.05539003041202896
530.0,0.05569009833737283
529.8,0.055968167713849055
529.6,0.05606137209194621
529.4,0.05635217747039844
529.2,0.05665861339673032
529.0,0.057284993130277725
528.8,0.05799299905830773
528.6,0.057762400234651186
528.4,0.05797157941862081
528.2,0.058354238387081835
528.0,0.05906378807292712
527.8,0.05889571144078917
527.6,0.057598182997051425
527.4,0.05714605492690307
527.2,0.05754164286706701
527.0,0.057557659354400485
526.8,0.05632496873890424
526.6,0.05633172267934606
526.4,0.05735291847414977
526.2,0.05791060098491749
526.0,0.05787065625144727
525.8,0.05734539265480031
525.6,0.05727052040075953
525.4,0.05739189835898544
525.2,0.058435864581564446
525.0,0.0590028096392238
524.8,0.058228808064590826
524.6,0.05770354446794387
524.4,0.05878591166617781
524.2,0.060919770906340216
524.0,0.062371675131605346
523.8,0.060062792349136265
523.6,0.05942965867514704
523.4,0.060767903731262646
523.2,0.061269046112045936
523.0,0.06087249332324745
522.8,0.06069959244793676
522.6,0.060712135480185864
522.4,0.06124357410809392
522.2,0.06129143060036741
522.0,0.0611993840406317
521.8,0.06075844821464409
521.6,0.06024842922642296
521.4,0.0606231764360807
521.2,0.06091263102644457
521.0,0.060424803556818014
520.8,0.06015001466569924
520.6,0.05984936783117465
520.4,0.060170855396205446
520.2,0.05758351729780632
520.0,0.05658258332432808
519.8,0.05628733964215694
519.6,0.05604381184679747
519.4,0.055921083100483195
519.2,0.05563278632848079
519.0,0.05551739043178906
518.8,0.05518567547123208
518.6,0.05566153881779026
518.4,0.056316285101193325
518.2,0.056652052426015405
518.0,0.05710167188971394
517.8,0.05702255430168115
517.6,0.05606561742593821
517.4,0.05579777544498819
517.2,0.056046127483520385
517.0,0.0575142411658459
516.8,0.06052649860289917
516.6,0.06148478626673047
516.4,0.06175397903576887
516.2,0.06191838924309554
516.0,0.06270339009216234
515.8,0.06325894993593405
515.6,0.06369139509393766
515.4,0.06341101008073853
515.2,0.06325894993593405
515.0,0.0631410454327925
514.8,0.06337203019590286
514.6,0.06364083702548744
514.4,0.06414873334671256
514.2,0.0656172329684919
514.0,0.06614114577705049
513.8,0.06572201553020361
513.6,0.06590147737622921
513.4,0.06685725643361069
513.2,0.06749116198650755
513.0,0.06781612300662272
512.8,0.06802356546305016
512.6,0.06766348395263751
512.4,0.06780357997437361
512.2,0.06840545255260355
512.0,0.06949167914537567
511.8,0.06984519968507341
511.6,0.06972787409111258
511.4,0.07007097426555722
511.2,0.06967229880976272
511.0,0.06935447766954321
510.8,0.0696989286320762
510.6,0.06986700526421415
510.4,0.06990251169396546
510.2,0.06996503388548404
510.0,0.07002774904672955
509.8,0.07008892045015977
509.6,0.07024638374731772
509.4,0.07020605307439369
509.2,0.07037451564598546
509.0,0.0707218611544221
508.8,0.07100861416860922
508.6,0.07094840761381355
508.4,0.07121856523148648
508.2,0.0717031122157556
508.0,0.0716805347577072
507.8,0.0725361625268228
507.6,0.07262724423792395
507.4,0.07281461784275284
507.2,0.07332540870988159
507.0,0.07386167158096238
506.8,0.07438172499498279
506.6,0.07430241443722309
506.4,0.07401566142303595
506.2,0.07398806675208794
506.0,0.07429739722432344
505.8,0.07460113157447859
505.6,0.07445254488475847
505.4,0.07447126294826867
505.2,0.07520551275915834
505.0,0.07527420998193804
504.8,0.07576473902774132
504.6,0.07623172576686169
504.4,0.07655437115025394
504.2,0.0793404680673696
504.0,0.08052916158513052
503.8,0.08049269030674468
503.6,0.08171168007163036
503.4,0.08186586288343085
503.2,0.08149632585639964
503.0,0.08263504021489108
502.8,0.08324154406656684
502.6,0.08251867946956482
502.4,0.08137938620189264
502.2,0.08236565447612577
502.0,0.0832201244268799
501.8,0.08373226608209704
501.6,0.08487657656266885
501.4,0.08430500023156368
501.2,0.08500702409805949
501.0,0.08564073668122944
500.8,0.0847461290272782
500.6,0.08496727233431618
500.4,0.08539470027942016
500.2,0.08464539882983156
500.0,0.08541303240347654
499.8,0.087623307655495
499.6,0.08853740525186408
499.4,0.08923093845037591
499.2,0.09034070734983096
499.0,0.09294020254102536
498.8,0.09359359803634006
498.6,0.0943108665112617
498.4,0.09408817944640845
498.2,0.09373543078561834
498.0,0.09533746545841888
497.8,0.09560781604581872
497.6,0.09623554656745449
497.4,0.09676081016410146
497.2,0.09713652222239375
497.0,0.09788852524815907
496.8,0.09914919647405715
496.6,0.09978464578476928
496.4,0.10018949627182488
496.2,0.10040890285132069
496.0,0.10073753029624713
495.8,0.10193432854253826
495.6,0.10219927597758464
495.4,0.10255337542646309
495.2,0.10281928771014404
495.0,0.10393060036741435
494.8,0.10522639208360993
494.6,0.10584119363354276
494.4,0.10661191472281828
494.2,0.10749668092069715
494.0,0.10859545054571838
493.8,0.10969904441391233
493.6,0.11101220340552974
493.4,0.11229796069592601
493.2,0.11366051993763218
493.0,0.11522936381740433
492.8,0.1172103910338546
492.6,0.11910728344937246
492.4,0.12150280963922379
492.2,0.1240309060314618
492.0,0.12645344798308042
491.8,0.12900392886363987
491.6,0.13167405097488305
491.4,0.13400859873103108
491.2,0.13627483520385322
491.0,0.13844883214721274
490.8,0.14054255368417803
490.6,0.1424149389443784
490.4,0.1441165459962641
490.2,0.14566493508498385
490.0,0.14717222162187196
489.8,0.14889235376754095
489.6,0.15043090140018833
489.4,0.1518608070765858
489.2,0.15344470259505688
489.0,0.15360042916467262
488.8,0.15407011747996974
488.6,0.1551899208052241
488.4,0.15639559565895303
488.2,0.15727920403847043
488.0,0.15849607113636013
487.8,0.15898756503079797
487.6,0.16064247340877164
487.4,0.16207450175216512
487.2,0.16358487580468375
487.0,0.16511242416289731
486.8,0.16711622180712288
486.6,0.1687049415687667
486.4,0.17022303441036168
486.2,0.17171507633882396
486.0,0.17340761381354494
485.8,0.1754885993485342
485.6,0.17807034132485294
485.4,0.18026016178581905
485.2,0.18155248004693023
485.0,0.18443081649350848
484.8,0.18702278586535342
484.6,0.1891452598916282
484.4,0.19198963366627042
484.2,0.19397316948917054
484.0,0.1957658582521574
483.8,0.1983902465381231
483.6,0.2010358614940488
483.4,0.2034865770257962
483.2,0.20630007564413294
483.0,0.20907691001435694
482.8,0.21178427528289362
482.6,0.2145051484323139
482.4,0.21697516093675223
482.2,0.21997969958472915
482.0,0.22344350618275005
481.8,0.22711572008583292
481.6,0.22927119193540918
481.4,0.23201715114932767
481.2,0.23529377711224664
481.0,0.2384854963953255
480.8,0.24156915263133516
480.6,0.24507541256927615
480.4,0.24805100575821662
480.2,0.2513025456566374
480.0,0.2544846164533708
479.8,0.2568427065162017
479.6,0.2592393905244145
479.4,0.2618502709294966
479.2,0.2649686617163499
479.0,0.26830510829461074
478.8,0.2699376321842629
478.6,0.2721857295027556
478.4,0.27377387035521866
478.2,0.2762149374006206
478.0,0.278436018957346
477.8,0.28088673448909335
477.6,0.28310588634854966
477.4,0.2851166309029439
477.2,0.28681669419701433
477.0,0.2883855380767865
476.8,0.2900778825817806
476.6,0.29272349753770627
476.4,0.29509702517868996
476.2,0.29744160736063724
476.0,0.29945428161230064
475.8,0.3008880466832363
475.6,0.30196481775938994
475.4,0.305056192784476
475.2,0.30727727434120133
475.0,0.3098939438380907
474.8,0.3120976581193942
474.6,0.31461012396375254
474.4,0.3171515352671473
474.2,0.3198974944810658
474.0,0.3225990706577952
473.8,0.32580622751902677
473.6,0.32905390802290935
473.4,0.3322938697377155
473.2,0.33441653673371724
473.0,0.33849784645784764
472.8,0.3412766105253408
472.6,0.3448909335103509
472.4,0.34748830603454933
472.2,0.35055459499513714
472.0,0.35327160875001934
471.8,0.3555158466739738
471.6,0.35782183491053926
471.4,0.3597496024823626
471.2,0.36142457971193476
471.0,0.36229873257483364
470.8,0.3613647590965929
470.6,0.3635356685243219
470.4,0.36592849313799647
470.2,0.36773276008459793
470.0,0.3694945736912793
469.8,0.37154970128286274
469.6,0.3729429427111475
469.4,0.37580854315574974
469.2,0.3779698040971332
469.0,0.38127923491362675
468.8,0.3840792256510798
468.6,0.3869043024530312
468.4,0.3908331660929033
468.2,0.3952714698118159
468.0,0.3997078438334594
467.8,0.40412685057968106
467.6,0.40899547678960124
467.4,0.4161951773005851
467.2,0.42064312950584315
467.0,0.42455848526483164
466.8,0.42860699013538756
466.6,0.43220587554224493
466.4,0.43411434614137734
466.2,0.43753184000494
466.0,0.44104581873195736
465.8,0.4444748907791346
465.6,0.4477804622010899
465.4,0.45079271963814316
465.2,0.4539670716458002
465.0,0.4568461799712861
464.8,0.45918304336415705
464.6,0.4615276255461043
464.4,0.4639802707751208
464.2,0.4666181669419701
464.0,0.4694953455701869
463.8,0.4723184926748692
463.6,0.47540214891087884
463.4,0.4788659555088997
463.2,0.4832405792179323
463.0,0.48916860922858424
462.8,0.49292958920604535
462.6,0.4970321256001359
462.4,0.5013411396020192
462.2,0.5056945366410918
462.0,0.5104300137394445
461.8,0.5155089769516958
461.6,0.5199646479460303
461.4,0.5247792426324158
461.2,0.5295455948870742
461.0,0.5344103617024561
460.8,0.5394603794556709
460.6,0.5435551970606851
460.4,0.5478796486407213
460.2,0.5526942433271068
460.0,0.5565208330117171
459.8,0.5600888432622689
459.6,0.5645329360729888
459.4,0.5696215477715856
459.2,0.574330009108171
459.0,0.577753292063541
458.8,0.581219028358831
458.6,0.585979591521682
458.4,0.5899316115287834
458.2,0.5945706037636815
458.0,0.5995781681769764
457.8,0.6044795992404711
457.6,0.6092961236241259
457.4,0.6140991401268969
457.2,0.6199789277058215
457.0,0.6254052364265095
456.8,0.6298551183290365
456.6,0.6350884573228152
456.4,0.6402909211602884
456.2,0.64477360791639
456.0,0.6492331383052626
455.8,0.653227611652284
455.6,0.6582583324328078
455.4,0.6637598993469905
455.2,0.6669709156027602
455.0,0.6711139756395016
454.8,0.6747688222671627
454.6,0.6781264955153835
454.4,0.6815304814980626
454.2,0.6847222007811414
454.0,0.6875723636475909
453.8,0.6898918597650401
453.6,0.6928037729441006
453.4,0.6958469055374593
453.2,0.6985870756595705
453.0,0.700852540253485
452.8,0.7031816848572796
452.6,0.7055783688654924
452.4,0.7082625777667999
452.2,0.710852231501922
452.0,0.7132315482347129
451.8,0.7159620698704787
451.6,0.7188160921314664
451.4,0.7216894113651451
451.2,0.7239143523164085
451.0,0.7267471479074362
450.8,0.729707303518224
450.6,0.7328739367368047
450.4,0.7363956342528984
450.2,0.7395931426277846
450.0,0.7427366194791362
449.8,0.7456041496210074
449.6,0.7483385306513114
449.4,0.7500250860644981
449.2,0.7517174305694923
449.0,0.7536278308658938
448.8,0.755551739043179
448.6,0.7572575914290567
448.4,0.7592432499189528
448.2,0.7600710900473933
448.0,0.7599765348812079
447.8,0.7618464115349584
447.6,0.7626125013507881
447.4,0.7628112601695046
447.2,0.7630254565663738
447.0,0.7631431680997885
446.8,0.7629849329237229
446.6,0.7624465473856462
446.4,0.7629579171619556
446.2,0.7636236627197925
446.0,0.7649860289917718
445.8,0.7658910570109762
445.6,0.7670411565833551
445.4,0.767245704493879
445.2,0.767266931163839
445.0,0.7675332293869738
444.8,0.7706400419902125
444.6,0.7731988205690291
444.4,0.7723227380088611
444.2,0.7723111598252467
444.0,0.7728611235469379
443.8,0.7733975793877457
443.6,0.7739436837148987
443.4,0.7748197662750668
443.2,0.7759949519119441
443.0,0.7759756549392531
442.8,0.7755163869892091
442.6,0.7756456767062383
442.4,0.7754584960711364
442.2,0.7747445080815721
442.0,0.7740806922210044
441.8,0.7739359649258224
441.6,0.7735712521419639
441.4,0.7691503156984733
441.2,0.768436327708909
441.0,0.7692217144974296
440.8,0.7695613412167899
440.6,0.7695671303085971
440.4,0.7693432854253824
440.2,0.7688840174753385
440.0,0.7680909118977414
439.8,0.7672958766228754
439.6,0.7667131080476094
439.4,0.7656093212096886
439.2,0.7653951248128193
439.0,0.7655900242369977
438.8,0.7656691418250305
438.6,0.7667324050203004
438.4,0.7666069746978094
438.2,0.7668520462509841
438.0,0.7692159254056223
437.8,0.7690075181005603
437.6,0.768833845346342
437.4,0.7681391543294688
437.2,0.7671009771986971
437.0,0.7668674838291368
436.8,0.7664159346681693
436.6,0.7663194498047147
436.4,0.7668559056455223
436.2,0.7676914645630394
436.0,0.7679268876298686
435.8,0.7681082791731633
435.6,0.7681970452475415
435.4,0.7676625191040028
435.2,0.7660705188570017
435.0,0.7648084968430153
434.8,0.7647506059249425
434.6,0.7644958858854223
434.4,0.7641369621933711
434.2,0.7637278663723235
434.0,0.7639478518610001
433.8,0.7646290349969896
433.6,0.7648220047238989
433.4,0.7640713524862219
433.2,0.7624716334501443
433.0,0.7614778393565618
432.8,0.7602428331043426
432.6,0.7607715701560739
432.4,0.7603238803896444
432.2,0.7598511045587167
432.0,0.7598375966778331
431.8,0.7604763264739028
431.6,0.7613910029794526
431.4,0.7607985859178412
431.2,0.7599958318538987
431.0,0.7593783287277891
430.8,0.758938357750436
430.6,0.7582822606789448
430.4,0.7578056254534787
430.2,0.7568774410670455
430.0,0.7569276131960417
429.8,0.7577380860490607
429.6,0.757516170863115
429.4,0.7572807477962856
429.2,0.7570877780693764
429.0,0.7564644858514596
428.8,0.756095913673063
428.6,0.7558720687898483
428.4,0.7557331305864736
428.2,0.7555285826759498
428.0,0.7554147305370733
427.8,0.7553838553807679
427.6,0.7554803402442225
427.4,0.7545019837287926
427.2,0.7548493292372292
427.0,0.7549303765225311
426.8,0.7551329947357859
426.6,0.755200534140204
426.4,0.7550249316887166
426.2,0.7549419547061457
426.0,0.7550982601849422
425.8,0.7554205196288807
425.6,0.7552757923336987
425.4,0.7546003982895163
425.2,0.7543726940117634
425.0,0.7545270697932909
424.8,0.7551407135248622
424.6,0.7546428516294365
424.4,0.7543572564336106
424.2,0.7539809654661377
424.0,0.7551059789740185
423.8,0.7551098383685567
423.6,0.7553066674900041
423.4,0.7552584250582768
423.2,0.7548551183290366
423.0,0.7542530527810797
422.8,0.7540388563842104
422.6,0.7540832394213995
422.4,0.7533846890099881
422.2,0.7527826234620313
422.0,0.7525877240378529
421.8,0.751962502122667
421.6,0.7512272874631427
421.4,0.7503068218657858
421.2,0.7504438303718912
421.0,0.7499961406054618
420.8,0.7494345987001559
420.6,0.7481860845670532
420.4,0.7469780940766012
420.2,0.7456466029609276
420.0,0.7447685907034904
419.8,0.7444521203513592
419.6,0.7444559797458974
419.4,0.7436628741683005
419.2,0.7423255939608194
419.0,0.7419087793506954
418.8,0.7418065053954335
418.6,0.7418450993408154
418.4,0.7414900350433024
418.2,0.7406699137039381
418.0,0.7398015499328465
417.8,0.7389158188863331
417.6,0.7379625484354014
417.4,0.7371945289223026
417.2,0.7365789554934622
417.0,0.7361216172406873
416.8,0.7344620775892677
416.6,0.732422387575837
416.4,0.7312993037652253
416.2,0.7302379702672245
416.0,0.7294082004415148
415.8,0.7276290195594115
415.6,0.7253867113327261
415.4,0.7238526020037976
415.2,0.7220907883971163
415.0,0.7207592972814424
414.8,0.7197944486468962
414.6,0.7187331151488954
414.4,0.7174981088966763
414.2,0.7164174784259846
414.0,0.715153526714729
413.8,0.7139493956188152
413.6,0.7128340305972799
413.4,0.7126815845130217
413.2,0.7128957809098908
413.0,0.7115681491887553
412.8,0.7104006823409543
412.6,0.7089476202973277
412.4,0.7088202602775676
412.2,0.7078592710375596
412.0,0.7067921484477515
411.8,0.7062074501752166
411.6,0.705215585778903
411.4,0.7040635565092548
411.2,0.7027590811553482
411.0,0.7018096700989548
410.8,0.7001404819611898
410.6,0.6992682587955602
410.4,0.6983921762353922
410.2,0.6972420766630131
410.0,0.6960553128425212
409.8,0.694903283572873
409.6,0.6941989440696543
409.4,0.6933247912067555
409.2,0.6927053583833768
409.0,0.691688407922565
408.8,0.6916459545826451
408.6,0.6910342405483427
408.4,0.6899786961421491
408.2,0.6891219105546721
408.0,0.6882284607190824
407.8,0.6876283248683946
407.6,0.6866422495638884
407.4,0.6856349475894221
407.2,0.6841683776649119
407.0,0.6834871945289223
406.8,0.6825030489216851
406.6,0.6810847214289022
406.4,0.6797455115241521
406.2,0.6783194652422928
406.0,0.6768471062259752
405.8,0.6754094817605014
405.6,0.6738425675779983
405.4,0.6721135588248915
405.2,0.6691109498741837
405.0,0.6671387992651712
404.8,0.6651782268397733
404.6,0.6633836083795175
404.4,0.661517591120305
404.2,0.6598194575235037
404.0,0.6589009216234157
403.8,0.6575675008104729
403.6,0.6554023804745511
403.4,0.6533646201583896
403.2,0.6519192769038393
403.0,0.6501883384534635
402.8,0.6487622921716042
402.6,0.6473729101378576
402.4,0.6457712614045108
402.2,0.6442139957083534
402.0,0.6428284730691448
401.8,0.6426876051685011
401.6,0.6414911928616638
401.4,0.6402889914630192
401.2,0.6389710082282292
401.0,0.637591274680828
400.8,0.6360127823147105
400.6,0.6346311190700403
400.4,0.6335948716365376
400.2,0.6323367090170894
400.0,0.6311306482239066
399.8,0.6301542214057458
399.6,0.6287223860320793
399.4,0.6257043395032187
399.2,0.6234330858174969
399.0,0.6221768528953178
398.8,0.6200812016610834
398.6,0.6174683915587322
398.4,0.6156293900612871
398.2,0.6142342189357333
398.0,0.6135279497352455
397.8,0.6122601386294517
397.6,0.6104404341046976
397.4,0.6092112169442858
397.2,0.6077620142951974
397.0,0.605706886703614
396.8,0.6040145421986199
396.6,0.6022739552618985
396.4,0.6001416397795514
396.2,0.5984743813390555
396.0,0.598254395850379
395.8,0.5973686648038655
395.6,0.5955142257282677
395.4,0.5943178134214304
395.2,0.5936520678635936
395.0,0.5923089985643052
394.8,0.5907517328681476
394.6,0.588524862219615
394.4,0.586772697099279
394.2,0.5854392762863362
394.0,0.5837778069376476
393.8,0.5822398382141809
393.6,0.5807887058678235
393.4,0.5792372292634731
393.2,0.5769215925405623
393.0,0.5742142272720256
392.8,0.5727399385584389
392.6,0.5710630316315976
392.4,0.5693668277320654
392.2,0.5677574602096424
392.0,0.5659937169056918
391.8,0.5642164657208577
391.6,0.5623060654244562
391.4,0.560567408185004
391.2,0.5588287509455517
391.0,0.5570785155224849
390.8,0.5550870679407814
390.6,0.5530300106519289
390.4,0.5510675085292619
390.2,0.5495719931457154
390.0,0.5480513916976705
389.8,0.5463513284036
389.6,0.545724176791145
389.4,0.5438214952838198
389.2,0.5422082683668585
389.0,0.5406799481297374
388.8,0.5389876036247433
388.6,0.5365561850656869
388.4,0.5343331738116923
388.2,0.5326196026367384
388.0,0.5308481405437115
387.8,0.5290998348179138
387.6,0.5272994272658506
387.4,0.5256514657980456
387.2,0.5240691140373899
387.0,0.5217418991308643
386.8,0.5198913194498047
386.6,0.5177763712428795
386.4,0.5166224122759622
386.2,0.5147679732003644
386.0,0.5132319341741668
385.8,0.511547308458249
385.6,0.5095307748120474
385.4,0.507035676243111
385.2,0.5059029439461536
385.0,0.5048281025672693
384.8,0.503027695015206
384.6,0.500791175880328
384.4,0.49873218889420623
384.2,0.4969993207465612
384.0,0.49517575682726894
383.8,0.49313799651110735
383.6,0.49169844234836435
383.4,0.4897957608410392
383.2,0.48821340908038346
383.0,0.4871327786096917
382.8,0.48381176960958366
382.6,0.48146332803309816
382.4,0.479622396838384
382.2,0.4779975917378082
382.0,0.4772720255646294
381.8,0.47494867005264213
381.6,0.47140574586658845
381.4,0.4692927273569322
381.2,0.4678415950105747
381.0,0.46640590024236994
380.8,0.46497985396051067
380.6,0.4628842027262763
380.4,0.46170129830032264
380.2,0.4593547864211063
380.0,0.45774155950414497
379.8,0.45521751547617206
379.6,0.45302923877302126
379.4,0.45336500609784336
379.2,0.4528420581379193
379.0,0.4516147706747765
378.8,0.4505090541395866
378.6,0.4492161569692946
378.4,0.4487761859919416
378.2,0.4493570248699384
378.0,0.44846743442888676
377.8,0.4471224354323294
377.6,0.4457716473439646
377.4,0.4440947404171234
377.2,0.44305077419454436
377.0,0.4413140466523612
376.8,0.4406733871590225
376.6,0.43929365361162137
376.4,0.4385777359247881
376.2,0.43736395634252895
376.0,0.435505657872393
375.8,0.43317844296586755
375.6,0.4313008475230406
375.4,0.42942904117202096
375.2,0.4277270481806814
375.0,0.42671974620621517
374.8,0.4250389798848357
374.6,0.4237016996773546
374.4,0.4223586303780663
374.2,0.42107924108865796
374.0,0.41971494511940965
373.8,0.4193579511246276
373.6,0.4187558855766707
373.4,0.4182985473238958
373.2,0.41752859811352794
373.0,0.4167065470768946
372.8,0.4160002778764067
372.6,0.4155410099263627
372.4,0.4155564475045155
372.2,0.4152245395742316
372.0,0.41467264615527116
371.8,0.41416320607623075
371.6,0.41325238896521915
371.4,0.41310573197276806
371.2,0.41282399617148063
371.0,0.41235122034055294
370.8,0.411725998425367
370.6,0.4113033947234358
370.4,0.41040222609876964
370.2,0.40990436420334375
370.0,0.4093466816925761
369.8,0.4090475786158667
369.6,0.408906710715223
369.4,0.408781280392732
369.2,0.408823733732652
369.0,0.4090591567994813
368.8,0.40929457986631057
368.6,0.4096535035583618
368.4,0.4098310357071182
368.2,0.4099545363323402
368.0,0.4105836176420643
367.8,0.41156583355203236
367.6,0.4127255816107569
367.4,0.4140532133318925
367.2,0.41527857109776617
367.0,0.41631867792580696
366.8,0.41748035568180064
366.6,0.41875974497120894
366.4,0.4200893063896136
366.2,0.4212934374855272
366.0,0.4230648995785541
365.8,0.4250775738302175
365.6,0.42580121030612716
365.4,0.4270188492829245
365.2,0.428720842274264
365.0,0.43049230436729086
364.8,0.4324297204254597
364.6,0.43532812572363644
364.4,0.4373523781589144
364.2,0.4391373481328249
364.0,0.44108441267733917
363.8,0.44325339240779904
363.6,0.4460051407135249
363.4,0.44865075566945056
363.2,0.4513368942680272
363.0,0.45402882195841116
362.8,0.45688477391666793
362.6,0.45932391126480077
362.4,0.46225898081109035
362.2,0.46659115118020283
362.0,0.4705740463436096
361.8,0.4741053923460487
361.6,0.477702348055637
361.4,0.48232397301511337
361.2,0.48559866928076323
361.0,0.48993276934714475
360.8,0.4943710730660574
360.6,0.4990351513654538
360.4,0.5039906139524831
360.2,0.5091757105145345
360.0,0.5147004337959461
359.8,0.5206226747147907
359.6,0.5260721398027077
359.4,0.5321429674112724
359.2,0.5386171017490775
359.0,0.544533553576115
358.8,0.5502956296216249
358.6,0.5561194559797459
358.4,0.562740247310002
358.2,0.5699399478209859
358.0,0.5762211124318817
357.8,0.583222054124149
357.6,0.5898505642434815
357.4,0.5957573675841733
357.2,0.6021215091776402
357.0,0.6094099757630023
356.8,0.616420565941615
356.6,0.6232902882195841
356.4,0.62969881285024
356.2,0.6371127097580932
356.0,0.64451888787687
355.8,0.6518980502338794
355.6,0.6589549531469503
355.4,0.66654638220356
355.2,0.6739699275977585
355.0,0.6811484014387823
354.8,0.688324945582537
354.6,0.6957002485450082
354.4,0.702583478703861
354.2,0.7095767016070519
354.0,0.7178435247078438
353.8,0.7261913950939376
353.6,0.7336709017089399
353.4,0.7409767355697238
353.2,0.7478020748105038
353.0,0.7549631813761057
352.8,0.7620335921700604
352.6,0.769022955678713
352.4,0.7760875773808605
352.2,0.7831772851475061
352.0,0.7896977322197694
351.8,0.7965713138922765
351.6,0.802929666393936
351.4,0.809378714667243
351.2,0.8158258332432807
351.0,0.8222999675810858
350.8,0.8282222084999306
350.6,0.8340711209225496
350.4,0.8393276162835573
350.2,0.8447712922796672
350.0,0.849904287015453
349.8,0.8550913132747735
349.6,0.859593297003566
349.4,0.8643114068264971
349.2,0.8689581178504716
349.0,0.8735430785618351
348.8,0.8779061240872531
348.6,0.8821958411164457
348.4,0.8863138150886889
348.2,0.8906421260632631
348.0,0.8941811908547787
347.8,0.897631489571916
347.6,0.9006553251925837
347.4,0.9030558685953347
347.2,0.9041982493786375
347.0,0.907195069237538
346.8,0.9096535035583617
346.6,0.9123145560924402
346.4,0.9151936644179262
346.2,0.9184374855272704
346.0,0.9211757259521126
345.8,0.9231671735338159
345.6,0.924691634376399
345.4,0.9255561387529524
345.2,0.9272214674961792
345.0,0.9285703258872748
344.8,0.9295602605863192
344.6,0.9308010559303457
344.4,0.9319260694382265
344.2,0.9328040816956635
344.0,0.9339715485434645
343.8,0.9360768482640444
343.6,0.9366287416830047
343.4,0.9367155780601139
343.2,0.9366711950229247
343.0,0.9363431464871791
342.8,0.9357487997282986
342.6,0.9351119996294981
342.4,0.9349035923244362
342.2,0.934963412939778
342.0,0.9358375658026769
341.8,0.9358973864180188
341.6,0.936049832502277
341.4,0.9363103416336045
341.2,0.9366518980502339
341.0,0.9370127514395541
340.8,0.9375723636475909
340.6,0.9381107491856677
340.4,0.9385835250165954
340.2,0.938930870525032
340.0,0.9398687033978109
339.8,0.9409802090248082
339.6,0.9418485727958997
339.4,0.9423850286367075
339.2,0.9436470506506939
339.0,0.9444498047146364
338.8,0.9453181684857279
338.6,0.9462038995322414
338.4,0.9467712305293545
338.2,0.9474774997298423
338.0,0.9482185034811739
337.8,0.948262886518363
337.6,0.94907721876592
337.4,0.9498259413063279
337.2,0.9504222177624775
337.0,0.9511940966701143
336.8,0.9522052580391188
336.6,0.952710838723621
336.4,0.9532337866835451
336.2,0.9538126958642729
336.0,0.954841224508699
335.8,0.9551634839526375
335.6,0.9561437701653365
335.4,0.9570816030381154
335.2,0.9580175062136252
335.0,0.9584613365855165
334.8,0.9593046142921098
334.6,0.9599819380335612
334.4,0.9615083285734134
334.2,0.9622531917192831
334.0,0.96306752396684
333.8,0.9637023943683715
333.6,0.9628764839371998
333.4,0.9633299627954367
333.2,0.9642890223381756
333.0,0.9649045957670159
332.8,0.9656513886101548
332.6,0.9665525572348209
332.4,0.9674382882813343
332.2,0.9680403538292913
332.0,0.9685633017892152
331.8,0.9687253963598191
331.6,0.9698832147212745
331.4,0.9706782499961407
331.2,0.9716315204470723
331.0,0.971731864705065
330.8,0.9709117433657007
330.6,0.969792518949627
330.4,0.9690785309600629
330.2,0.9697770813714743
330.0,0.9694664001111505
329.8,0.9687987248560446
329.6,0.9682178859780478
329.4,0.9676737113481637
329.2,0.9669037621377957
329.0,0.9664811584358646
328.8,0.9662283680936135
328.6,0.9659118977414822
328.4,0.965423684332402
328.2,0.9648158296926378
328.0,0.9643314756780956
327.8,0.9640767556385754
327.6,0.9640381616931936
327.4,0.9651265109529618
327.2,0.9667146518054248
327.0,0.9682294641616622
326.8,0.9698349722895473
326.6,0.9717511616777561
326.4,0.9721409605261127
326.2,0.9734357873936735
326.0,0.9743659014773763
325.8,0.9754098676999551
325.6,0.975406008305417
325.4,0.9751570773577041
325.2,0.9762454266174722
325.0,0.977557620760455
324.8,0.9789470027942017
324.6,0.9796108186547695
324.4,0.9802591969371846
324.2,0.9815713910801672
324.0,0.9826346542754373
323.8,0.9828777961313429
323.6,0.9832174228507032
323.4,0.9835609089646016
323.2,0.9839700047856491
323.0,0.9856083177671088
322.8,0.9872331228676846
322.6,0.9876730938450374
322.4,0.9884160272936382
322.2,0.9901624033221668
322.0,0.9925455794494958
321.8,0.9935007795976967
321.6,0.993821109344366
321.4,0.9941105639347299
321.2,0.9948785834478286
321.0,0.9958627290550658
320.8,0.9963760285286444
320.6,0.9969182734612595
320.4,0.9977962857186965
320.2,0.9984157185420752
320.0,0.9992165429087484
319.8,0.9996931781342142
319.6,1.0
319.4,0.9991875974497121
319.2,0.9996661623724471
319.0,0.9998379054293963
318.8,0.9999903515136545
318.6,0.9990988313753338
318.4,0.9979043487657656
318.2,0.9977345354060855
318.0,0.9973929789894561
317.8,0.9972636892724269
317.6,0.9966886394862373
317.4,0.995970792102135
317.2,0.9953629374623708
317.0,0.9946257931055775
316.8,0.9938018123716752
316.6,0.9926690800747179
316.4,0.9912160180310913
316.2,0.9900060978433702
316.0,0.9894985874615989
315.8,0.9888656467573366
315.6,0.9880107908671287
315.4,0.9867603470367569
315.2,0.985864967503898
315.0,0.9855793723080722
314.8,0.984635750343486
314.6,0.9839854423638018
314.4,0.9833312749895796
314.2,0.9820885499482841
314.0,0.9808361764206431
313.8,0.9798327338407151
313.6,0.9789450730969326
313.4,0.9780651311422264
313.2,0.9771504546366766
313.0,0.9762994581410068
312.8,0.9753519767818823
312.6,0.9740069777853251
312.4,0.9718129119903669
312.2,0.9709773530728498
312.0,0.9701051299072201
311.8,0.9690823903546012
311.6,0.9676389767973199
311.4,0.9660682032202788
311.2,0.9643179677972119
311.0,0.9629073590935053
310.8,0.9614272812881115
310.6,0.9598758046837612
310.4,0.9584574771909783
310.2,0.9571472127452645
310.0,0.9560453556046127
309.8,0.9549299905830774
309.6,0.9537297188817019
309.4,0.951792302823533
309.2,0.9498568164626333
309.0,0.9489286320761999
308.8,0.9465666826188308
308.6,0.9441719283078871
308.4,0.94214574617534
308.2,0.9407872392978989
308.0,0.9392319032990105
307.8,0.9376070981984346
307.6,0.9346237862204178
307.4,0.9325416428670671
307.2,0.9306543989378946
307.0,0.9283329731231764
306.8,0.9256564830109453
306.6,0.9227175540701175
306.4,0.9201703536749155
306.2,0.9183371412692777
306.0,0.9161797397224324
305.8,0.9136344690244994
305.6,0.911287957145283
305.4,0.9088449604026121
305.2,0.9065987927813884
305.0,0.9042947342420921
304.8,0.9014928138073699
304.6,0.8986928230699167
304.4,0.8962440372354386
304.2,0.8946539666857063
304.0,0.892832332463683
303.8,0.8904395078500085
303.6,0.8876549546907081
303.4,0.8849881130648224
303.2,0.8826724763419115
303.0,0.8803105268845424
302.8,0.8771805579140745
302.6,0.8752026182132547
302.4,0.8722154468406996
302.2,0.8691105639347299
302.0,0.8669608811769609
301.8,0.8650138166324467
301.6,0.8630744708770088
301.4,0.860741466878676
301.2,0.8584624944038779
301.0,0.8561507170755052
300.8,0.8537617518563688
300.6,0.8513901539126542
300.4,0.8491825802368125
300.2,0.846919045340167
300.0,0.8447114716643253
299.8,0.842577226484709
299.6,0.8401052842830017
299.4,0.8375175602451487
299.2,0.8346866943513901
299.0,0.8322668539759482
298.8,0.8299029748213099
298.6,0.8278536363215339
298.4,0.8254646711023974
298.2,0.8227032743103262
298.0,0.8202660666594624
297.8,0.8180411257081989
297.6,0.8155383083501859
297.4,0.8132921407289624
297.2,0.8110035197678188
297.0,0.8100965620513454
296.8,0.8095890516695741
296.6,0.80898119702981
296.4,0.8085296478688423
296.2,0.8081533569013694
296.0,0.8080317859734165
295.8,0.8077789956311653
295.6,0.8082865060129366
295.4,0.808606835759606
295.2,0.8082073884249038
295.0,0.8093690661808975
294.8,0.8100695462895782
294.6,0.8104477669543202
294.4,0.8109726446115133
294.2,0.8109359803634005
294.0,0.8108066906463715
293.8,0.8116017259212375
293.6,0.8131203976720133
293.4,0.8142068172345123
293.2,0.8148223906633527
293.0,0.815393581055004
292.8,0.8161326551090665
292.6,0.8177671086959878
292.4,0.8192722725658799
292.2,0.8207812958303101
292.0,0.8226338052086389
291.8,0.8247641909937169
291.6,0.8256209765811939
291.4,0.8283129042715779
291.2,0.8306246815999506
291.0,0.8319831884773916
290.8,0.8341039257761242
290.6,0.8366491964740571
290.4,0.8383511894653967
290.2,0.8395553205613103
290.0,0.84142712691233
289.8,0.843910647297652
289.6,0.8464231131420104
289.4,0.8489066335273322
289.2,0.8505217901415625
289.0,0.8526328789539497
288.8,0.8553576114979081
288.6,0.8574011609058771
288.4,0.8593077018077404
288.2,0.8613377433348256
288.0,0.8623431156120228
287.8,0.8644213995708353
287.6,0.8675918921839542
287.4,0.8704767896012474
287.2,0.8728638251231147
287.0,0.8756097843370332
286.8,0.8780759374469334
286.6,0.8799303765225311
286.4,0.8816246507247942
286.2,0.8829503527486607
286.0,0.884646556648193
285.8,0.8864913472374454
285.6,0.8885831390771416
285.4,0.8901018108279173
285.2,0.8921936026676135
285.0,0.8939708538524477
284.8,0.8958426602034673
284.6,0.8980753199438072
284.4,0.9002346511879216
284.2,0.9020447072263302
284.0,0.9042503512049029
283.8,0.9063730182009045
283.6,0.9084088488197971
283.4,0.9107997437362026
283.2,0.9137965635951032
283.0,0.9170442440989858
282.8,0.9209132871235161
282.6,0.9239351930469147
282.4,0.9254326381277305
282.2,0.9280029948901616
282.0,0.9307528134986184
281.8,0.9336280624295661
281.6,0.9368043441344921
281.4,0.9385294934930608
281.2,0.9402970961915494
281.0,0.9418254164286706
280.8,0.9434000494002501
280.6,0.9450730969325533
280.4,0.9467577226484708
280.2,0.9482262222702502
280.0,0.9494612285224694
279.8,0.9505013353505102
279.6,0.9514661839850563
279.4,0.9522380628926933
279.2,0.9531778254627414
279.0,0.9552734766969757
278.8,0.9558080028405144
278.6,0.9562267471479073
278.4,0.9565760223536132
278.2,0.9566397023634933
278.0,0.9570179230282353
277.8,0.956969680596508
277.6,0.9570642357626936
277.4,0.9571144078916899
277.2,0.9558601046667798
277.0,0.955402766414005
276.8,0.9547080753971317
276.6,0.9544958086975315
276.4,0.9525294471803263
276.2,0.9514642542877874
276.0,0.9502273183382991
275.8,0.9491698442348364
275.6,0.9481393858931412
275.4,0.9471822560476711
275.2,0.9456616545996265
275.0,0.9436200348889267
274.8,0.9404456828812696
274.6,0.9377769115581147
274.4,0.9347897401855596
274.2,0.9314957469472188
274.0,0.9279663306420489
273.8,0.9254885993485342
273.6,0.922374067956219
273.4,0.9194042638590857
273.2,0.9157320499560029
273.0,0.9135978047763866
272.8,0.9106665946246353
272.6,0.9079843154205968
272.4,0.9048929403955107
272.2,0.9016549083779737
272.0,0.8982663599734474
271.8,0.895045695231332
271.6,0.8919601092980534
271.4,0.8889575003473456
271.2,0.8857098198434629
271.0,0.8834694413140467
270.8,0.8813197585562776
270.6,0.878905707272643
270.4,0.87619062321503
270.2,0.8737862204177408
270.0,0.8713239267023789
